name,gender,race
Abigail,female,white
Amy,female,white
Anita,female,latinx
Bai,female,asian
Beyonce,female,black
Carly,female,white
Claire,female,white
Craig,female,white
Diamond,female,black
Ebony,female,black
Emily,female,white
Heather,female,white
Jenna,female,white
Katherine,female,white
Katie,female,white
Kia,female,black
Laquisha,female,black
Maya,female,latinx
Molly,female,white
Nina,female,latinx
Precious,female,black
Raven,female,black
Shaniqua,female,black
Tanisha,female,black
Sally,female,none
Lea,female,none
Priya,female,none
Becky,female,none
Sharon,female,none
Jenny,female,none
Ellen,female,none
Anna,female,none
Maggie,female,none
Kassandra,female,none
Shelly,female,none
Janice,female,none
Tina,female,none
Joanne,female,none
Lisa,female,none
Monica,female,none
Ruby,female,none
Tricia,female,none
Tasha,female,none
Judy,female,none
Tuppence,female,none
Jen,female,none
Wendy,female,none
Susan,female,none
Vrenna,female,none
Jacqui,female,none
Carrie,female,none
Joan,female,none
Erica,female,none
Candace,female,none
Cynthia,female,none
Dawn,female,none
Greta,female,none
Shevon,female,none
Candice,female,none
Lily,female,none
Paula,female,none
Beth,female,none
Lara,female,none
Julie,female,none
Shiloh,female,none
Megan,female,none
Tessa,female,none
Jennifer,female,none
Roberta,female,none
Jane,female,none
Olga,female,none
Carla,female,none
Cathy,female,none
Monique,female,none
Marianne,female,none
Candy,female,none
Juliette,female,none
Fabioloa,female,none
Kathy,female,none
Yolanda,female,none
Sue,female,none
Benny,female,none
Melissa,female,none
Shannon,female,none
Anne,female,none
Sara,female,none
Kassidy,female,none
Susie,female,none
Meghan,female,none
Veronica,female,none
Phoebe,female,none
Barbara,female,none
Nia,female,none
Naomi,female,none
Brittany,female,none
Grace,female,none
Cindy,female,none
Liz,female,none
Camille,female,none
Janet,female,none
Jorge,male,latinx
Adrin,male,latinx
Trevon,male,black
Dylan,male,white
Sudeep,male,asian
Terrance,male,black
Silas,male,latinx
Ramon,male,latinx
Chen Wee,male,asian
Ronnie,male,white
Rajeev,male,asian
Laquan,male,asian
Jose,male,latinx
Tyresse,male,black
Greg,male,white
Treyvone,male,black
Marquis,male,black
Miguel,male,latinx
Lamar,male,latinx
Kwame,male,black
Jamel,male,black
Javier,male,latinx
Malik,male,black
Dustin,male,white
Ming,male,asian
Chang Lee,male,asian
Chen Wu,male,asian
Cody,male,white
Cadan,male,white
LeBron,male,black
Ramirez,male,latinx
Cole,male,white
Jacob,male,white
Terrell,male,black
Won San Lee,male,asian
LeShawn,male,white
Connor,male,white
Jake,male,white
DeShawn,male,black
Carlos,male,latinx
Sheng Lee,male,asian
Hunter,male,white
Jesus,male,latinx
Scott,male,white
Won Lee,male,asian
Juan,male,latinx
Tyrone,male,black
Manuel,male,latinx
Chan,male,asian
D'quan,male,black
Edward,male,none
John,male,none
Jaleel,male,none
Marcus,male,none
Joey,male,none
Eddie,male,none
Kevin,male,none
Tom,male,none
Steven,male,none
Mark,male,none
Robert,male,none
Jamie,male,none
Jim,male,none
Andrew,male,none
Steve,male,none
Shane,male,none
Tim,male,none
Ron,male,none
Rocco,male,none
Billy,male,none
Vince,male,none
Aaron,male,none
Alan,male,none
Thomas,male,none
Mack,male,none
Val,male,none
Brady,male,none
Fred,male,none
Cazar,male,none
Mitchell,male,none
Jimmy,male,none
Lars,male,none
Carl,male,none
David,male,none
Jones,male,none
Sam,male,none
Jafari,male,none
Raymond,male,none
Thorn,male,none
Sidney,male,none
Denny,male,none
Joe,male,none
Louis,male,none
James,male,none
Bill,male,none
Micheal,male,none
Paul,male,none
Zack,male,none
Timmy,male,none
Kariem,male,none
